0.6066847494589671,-0.1020027109121556,0.34234419189739707,0.6666666666666666
0.5731151322919428,-0.007805679094484069,0.34234419189739707,0.6666666666666666
0.5395455151249183,0.08639135272318746,0.34234419189739707,0.6666666666666666
0.505975897957894,0.180588384540859,0.34234419189739707,1.0
0.4724062807908696,0.2747854163585305,0.34234419189739707,1.0
0.4388366636238452,0.36898244817620207,0.34234419189739707,1.0
0.4052670464568209,0.46317947999387354,0.34234419189739707,1.0
1.1049841399608908,0.1431183261876106,0.46095445939642393,0.6666666666666666
1.0605038249264025,0.23268116208751205,0.46095445939642393,0.3333333333333333
1.0160235098919144,0.32224399798741354,0.46095445939642393,0.3333333333333333
0.971543194857426,0.411806833887315,0.46095445939642393,1.0
0.9270628798229378,0.5013696697872164,0.46095445939642393,0.6666666666666666
0.8825825647884495,0.590932505687118,0.46095445939642393,0.6666666666666666
0.8381022497539612,0.6804953415870194,0.46095445939642393,0.6666666666666666
1.5656784793767384,0.3258189403183039,0.37955598453047057,1.0
1.5286276702368489,0.4187018641637529,0.37955598453047057,0.6666666666666666
1.4915768610969595,0.5115847880092019,0.37955598453047057,0.6666666666666666
1.45452605195707,0.604467711854651,0.37955598453047057,1.0
1.4174752428171804,0.6973506357001,0.37955598453047057,1.0
1.380424433677291,0.7902335595455491,0.37955598453047057,1.0
1.3433736245374015,0.8831164833909981,0.37955598453047057,1.0
2.0136979180620505,0.3916759250918723,0.16162175586195845,1.0
1.9976060142584902,0.4903726860923072,0.16162175586195845,1.0
1.98151411045493,0.5890694470927421,0.16162175586195845,1.0
1.96542220665137,0.687766208093177,0.16162175586195845,1.0
1.94933030284781,0.7864629690936119,0.16162175586195845,1.0
1.9332383990442499,0.8851597300940468,0.16162175586195845,1.0
1.9171464952406898,0.9838564910944817,0.16162175586195845,1.0
2.464179693760582,0.3539844601778819,-0.06630964870125439,1.0
2.470805800340525,0.45376469224611893,-0.06630964870125439,1.0
2.4774319069204673,0.553544924314356,-0.06630964870125439,1.0
2.48405801350041,0.653325156382593,-0.06630964870125439,1.0
2.4906841200803522,0.7531053884508301,-0.06630964870125439,1.0
2.4973102266602947,0.8528856205190671,-0.06630964870125439,1.0
2.5039363332402376,0.9526658525873042,-0.06630964870125439,1.0
2.9892671203716588,0.3293659536815029,-0.046741010382723075,1.0
2.993939519660566,0.42925673746501825,-0.046741010382723075,1.0
2.998611918949473,0.5291475212485337,-0.046741010382723075,1.0
3.00328431823838,0.629038305032049,-0.046741010382723075,1.0
3.007956717527287,0.7289290888155644,-0.046741010382723075,1.0
3.012629116816194,0.8288198725990799,-0.046741010382723075,1.0
3.017301516105101,0.9287106563825952,-0.046741010382723075,1.0
3.520376581712244,0.32552690996979333,-0.006777227009518239,1.0
3.5210542992251495,0.4255246134382865,-0.006777227009518239,1.0
3.5217320167380546,0.5255223169067798,-0.006777227009518239,1.0
3.52240973425096,0.625520020375273,-0.006777227009518239,1.0
3.5230874517638657,0.7255177238437662,-0.006777227009518239,1.0
3.523765169276771,0.8255154273122595,-0.006777227009518239,1.0
3.5244428867896764,0.9255131307807527,-0.006777227009518239,1.0
4.057115812351704,0.3537595927128568,0.0535679097227964,1.0
4.051761582915866,0.45361615097093216,0.0535679097227964,1.0
4.046407353480028,0.5534727092290076,0.0535679097227964,1.0
4.04105312404419,0.653329267487083,0.0535679097227964,1.0
4.035698894608352,0.7531858257451584,0.0535679097227964,1.0
4.030344665172514,0.8530423840032337,0.0535679097227964,1.0
4.024990435736676,0.9528989422613092,0.0535679097227964,1.0
4.576783929791316,0.3829787321106372,0.05616934896649151,1.0
4.5711699479964105,0.48282102379310243,0.05616934896649151,1.0
4.565555966201505,0.5826633154755677,0.05616934896649151,1.0
4.5599419844066,0.682505607158033,0.05616934896649151,1.0
4.554328002611695,0.7823478988404983,0.05616934896649151,1.0
4.5487140208167895,0.8821901905229635,0.05616934896649151,1.0
4.543100039021884,0.9820324822054287,0.05616934896649151,1.0
5.084176427154185,0.3900833759204141,0.014514186431458014,1.0
5.082725059470199,0.49007284302493404,0.014514186431458014,1.0
5.0812736917862145,0.5900623101294541,0.014514186431458014,1.0
5.07982232410223,0.690051777233974,0.014514186431458014,1.0
5.078370956418245,0.790041244338494,0.014514186431458014,1.0
5.07691958873426,0.890030711443014,0.014514186431458014,1.0
5.075468221050274,0.990020178547534,0.014514186431458014,1.0
5.605236383735136,0.399286461720811,0.01766325764529061,1.0
5.603470149815367,0.4992708625928503,0.01766325764529061,1.0
5.601703915895599,0.5992552634648897,0.01766325764529061,1.0
5.59993768197583,0.699239664336929,0.01766325764529061,1.0
5.598171448056061,0.7992240652089683,0.01766325764529061,1.0
5.596405214136293,0.8992084660810076,0.01766325764529061,1.0
5.594638980216525,0.999192866953047,0.01766325764529061,1.0
6.110478052079942,0.38407685800619135,-0.029436344892182716,1.0
6.113421261478481,0.48403353621448486,-0.029436344892182716,1.0
6.116364470877021,0.5839902144227784,-0.029436344892182716,0.3333333333333333
6.11930768027556,0.683946892631072,-0.029436344892182716,1.0
6.1222508896741,0.7839035708393656,-0.029436344892182716,1.0
6.1251940990726395,0.8838602490476591,-0.029436344892182716,1.0
6.128137308471179,0.9838169272559527,-0.029436344892182716,1.0
6.642486195553106,0.3927278001962553,0.016863716025339946,1.0
6.640799903879211,0.4927135812873212,0.016863716025339946,1.0
6.639113612205315,0.592699362378387,0.016863716025339946,1.0
6.63742732053142,0.692685143469453,0.016863716025339946,1.0
6.635741028857525,0.7926709245605189,0.016863716025339946,1.0
6.634054737183629,0.8926567056515848,0.016863716025339946,1.0
6.632368445509734,0.9926424867426507,0.016863716025339946,1.0
7.1627533126919625,0.4018703262648882,0.01757108975571541,1.0
7.160996294130902,0.5018548895023005,0.01757108975571541,1.0
7.159239275569841,0.6018394527397127,0.01757108975571541,1.0
7.15748225700878,0.701824015977125,0.01757108975571541,1.0
7.15572523844772,0.8018085792145372,0.01757108975571541,1.0
7.153968219886659,0.9017931424519494,0.01757108975571541,1.0
7.152211201325598,1.0017777056893618,0.01757108975571541,1.0
7.674293934754079,0.3971566577875384,-0.00900726985900857,1.0
7.675194649560563,0.4971526012694486,-0.00900726985900857,1.0
7.676095364367046,0.5971485447513588,-0.00900726985900857,1.0
7.67699607917353,0.697144488233269,-0.00900726985900857,1.0
7.677896793980014,0.7971404317151792,-0.00900726985900857,1.0
7.678797508786497,0.8971363751970894,-0.00900726985900857,1.0
7.679698223592981,0.9971323186789997,-0.00900726985900857,1.0
8.20237010154376,0.4071466395481609,0.01914043042969321,1.0
8.200456175368867,0.5071283223035389,0.01914043042969321,1.0
8.198542249193974,0.6071100050589169,0.01914043042969321,1.0
8.19662832301908,0.707091687814295,0.01914043042969321,1.0
8.194714396844187,0.8070733705696731,0.01914043042969321,1.0
8.192800470669294,0.9070550533250511,0.01914043042969321,1.0
8.1908865444944,1.007036736080429,0.01914043042969321,1.0
8.725713798605986,0.4241159336409863,0.032464258652941905,1.0
8.722467942960543,0.5240632418645146,0.032464258652941905,1.0
8.719222087315103,0.6240105500880427,0.032464258652941905,1.0
8.71597623166966,0.723957858311571,0.032464258652941905,1.0
8.712730376024219,0.8239051665350993,0.032464258652941905,1.0
8.709484520378778,0.9238524747586274,0.032464258652941905,1.0
8.706238664733336,1.0237997829821557,0.032464258652941905,1.0
9.24751237790717,0.44538712803977965,0.04076236372836136,1.0
9.243437270266105,0.5453040610277058,0.04076236372836136,1.0
9.239362162625037,0.6452209940156318,0.04076236372836136,1.0
9.23528705498397,0.745137927003558,0.04076236372836136,1.0
9.231211947342905,0.8450548599914841,0.04076236372836136,1.0
9.227136839701837,0.9449717929794101,0.04076236372836136,1.0
9.22306173206077,1.0448887259673363,0.04076236372836136,1.0
9.752000113153668,0.4391448531518562,-0.011559151668677459,1.0
9.753156002579635,0.5391381725268771,-0.011559151668677459,1.0
9.754311892005603,0.639131491901898,-0.011559151668677459,1.0
9.75546778143157,0.739124811276919,-0.011559151668677459,1.0
9.756623670857536,0.83911813065194,-0.011559151668677459,1.0
9.757779560283504,0.9391114500269608,-0.011559151668677459,1.0
9.75893544970947,1.0391047694019817,-0.011559151668677459,1.0
10.275879977364607,0.44044676215312945,0.002542056753175193,1.0
10.275625771963071,0.5404464390506766,0.002542056753175193,1.0
10.275371566561535,0.6404461159482238,0.002542056753175193,1.0
10.27511736116,0.740445792845771,0.002542056753175193,1.0
10.274863155758464,0.8404454697433181,0.002542056753175193,1.0
10.274608950356928,0.9404451466408653,0.002542056753175193,1.0
10.274354744955392,1.0404448235384125,0.002542056753175193,1.0
10.792915098201101,0.43672479990511964,-0.0071711693705358934,1.0
10.793632208991802,0.5367222286326317,-0.0071711693705358934,1.0
10.794349319782501,0.6367196573601439,-0.0071711693705358934,1.0
10.7950664305732,0.736717086087656,-0.0071711693705358934,1.0
10.7957835413639,0.836714514815168,-0.0071711693705358934,1.0
10.796500652154599,0.9367119435426802,-0.0071711693705358934,1.0
10.7972177629453,1.0367093722701923,-0.0071711693705358934,1.0
11.30159783016767,0.41477361124225104,-0.04275329251083896,1.0
11.305871857098614,0.5146822329612677,-0.04275329251083896,1.0
11.310145884029557,0.6145908546802843,-0.04275329251083896,1.0
11.3144199109605,0.714499476399301,-0.04275329251083896,1.0
11.318693937891444,0.8144080981183177,-0.04275329251083896,1.0
11.322967964822388,0.9143167198373343,-0.04275329251083896,1.0
11.327241991753331,1.014225341556351,-0.04275329251083896,1.0
11.804656944941813,0.3683744026384109,-0.09127497859737026,1.0
11.813771774363875,0.4679581356705016,-0.09127497859737026,1.0
11.822886603785937,0.5675418687025924,-0.09127497859737026,1.0
11.832001433208,0.667125601734683,-0.09127497859737026,1.0
11.841116262630061,0.7667093347667737,-0.09127497859737026,1.0
11.850231092052123,0.8662930677988645,-0.09127497859737026,1.0
11.859345921474185,0.9658768008309552,-0.09127497859737026,1.0
12.337266961848997,0.3137479341713208,-0.10217307252289268,1.0
12.347466501392796,0.4132264212582002,-0.10217307252289268,1.0
12.357666040936598,0.5127049083450795,-0.10217307252289268,1.0
12.3678655804804,0.612183395431959,-0.10217307252289268,1.0
12.378065120024202,0.7116618825188384,-0.10217307252289268,1.0
12.388264659568003,0.8111403696057178,-0.10217307252289268,1.0
12.398464199111803,0.9106188566925972,-0.10217307252289268,1.0
12.931380682704816,0.32321338440826297,0.01967405651274645,1.0
12.92941340397121,0.42319403160753,0.01967405651274645,1.0
12.927446125237605,0.523174678806797,0.01967405651274645,1.0
12.925478846504,0.623155326006064,0.01967405651274645,1.0
12.923511567770394,0.7231359732053311,0.01967405651274645,1.0
12.921544289036788,0.8231166204045981,0.01967405651274645,1.0
12.919577010303183,0.9230972676038651,0.01967405651274645,1.0
13.487138887329884,0.36656755292752585,0.07879152575778674,1.0
13.479267884657723,0.4662573082534109,0.07879152575778674,1.0
13.47139688198556,0.5659470635792959,0.07879152575778674,1.0
13.4635258793134,0.665636818905181,0.07879152575778674,1.0
13.455654876641239,0.7653265742310661,0.07879152575778674,1.0
13.447783873969076,0.8650163295569511,0.07879152575778674,1.0
13.439912871296915,0.9647060848828362,0.07879152575778674,1.0
14.006047501412477,0.4105979345886821,0.08465905104439617,1.0
13.997591705426919,0.5102397908251584,0.08465905104439617,1.0
13.989135909441359,0.6098816470616346,0.08465905104439617,1.0
13.9806801134558,0.709523503298111,0.08465905104439617,1.0
13.972224317470243,0.8091653595345873,0.08465905104439617,1.0
13.963768521484683,0.9088072157710636,0.08465905104439617,1.0
13.955312725499125,1.0084490720075399,0.08465905104439617,1.0
14.512724605629646,0.43113023084322194,0.04106338444794191,1.0
14.508619421106598,0.531045932612422,0.04106338444794191,1.0
14.504514236583548,0.630961634381622,0.04106338444794191,1.0
14.5004090520605,0.730877336150822,0.04106338444794191,1.0
14.496303867537451,0.8307930379200219,0.04106338444794191,1.0
14.4921986830144,0.930708739689222,0.04106338444794191,1.0
14.488093498491352,1.030624441458422,0.04106338444794191,1.0
15.014794607577919,0.42150182967408617,-0.01812877526515002,1.0
15.016607385804946,0.5214853974995024,-0.01812877526515002,1.0
15.018420164031973,0.6214689653249187,-0.01812877526515002,1.0
15.020232942259,0.721452533150335,-0.01812877526515002,1.0
15.022045720486027,0.8214361009757513,-0.01812877526515002,1.0
15.023858498713054,0.9214196688011675,-0.01812877526515002,1.0
15.02567127694008,1.0214032366265837,-0.01812877526515002,1.0
15.536225709396943,0.41494407656143956,-0.012566890576588115,1.0
15.537482365377395,0.514936180328421,-0.012566890576588115,1.0
15.538739021357848,0.6149282840954025,-0.012566890576588115,1.0
15.5399956773383,0.714920387862384,-0.012566890576588115,1.0
15.541252333318752,0.8149124916293655,-0.012566890576588115,1.0
15.542508989299206,0.9149045953963469,-0.012566890576588115,1.0
15.543765645279658,1.0148966991633284,-0.012566890576588115,1.0
16.057636760405728,0.41105187220486894,-0.007457102576943932,1.0
16.058382463752153,0.5110490917988113,-0.007457102576943932,1.0
16.059128167098574,0.6110463113927537,-0.007457102576943932,1.0
16.059873870445,0.711043530986696,-0.007457102576943932,1.0
16.060619573791424,0.8110407505806384,-0.007457102576943932,1.0
16.061365277137845,0.9110379701745808,-0.007457102576943932,1.0
16.06211098048427,1.0110351897685232,-0.007457102576943932,1.0
16.575292605932024,0.4034231351049385,-0.014720729643554217,1.0
16.576764625730615,0.5034123003065369,-0.014720729643554217,1.0
16.57823664552921,0.6034014655081354,-0.014720729643554217,1.0
16.5797086653278,0.703390630709734,-0.014720729643554217,1.0
16.58118068512639,0.8033797959113325,-0.014720729643554217,1.0
16.582652704924985,0.903368961112931,-0.014720729643554217,1.0
16.584124724723576,1.0033581263145295,-0.014720729643554217,1.0
17.093022365072535,0.3922741363181413,-0.021517688578912664,1.0
17.095173967885522,0.49225098666528483,-0.021517688578912664,1.0
17.097325570698512,0.5922278370124284,-0.021517688578912664,1.0
17.0994771735115,0.692204687359572,-0.021517688578912664,1.0
17.101628776324485,0.7921815377067155,-0.021517688578912664,1.0
17.103780379137476,0.892158388053859,-0.021517688578912664,1.0
17.105931981950462,0.9921352384010027,-0.021517688578912664,1.0
17.61370216717509,0.38277693292162346,-0.01823488078760146,1.0
17.615525554200595,0.4827603078384326,-0.01823488078760146,1.0
17.617348941226098,0.5827436827552418,-0.01823488078760146,1.0
17.6191723282516,0.682727057672051,-0.01823488078760146,1.0
17.620995715277104,0.7827104325888602,-0.01823488078760146,1.0
17.622819102302607,0.8826938075056694,-0.01823488078760146,1.0
17.62464248932811,0.9826771824224785,-0.01823488078760146,1.0
18.13741397156136,0.38009089056764755,-0.00507924180839476,1.0
18.137921893558243,0.48008960063555334,-0.00507924180839476,1.0
18.13842981555512,0.5800883107034591,-0.00507924180839476,1.0
18.138937737552,0.680087020771365,-0.00507924180839476,1.0
18.139445659548876,0.7800857308392708,-0.00507924180839476,1.0
18.139953581545754,0.8800844409071766,-0.00507924180839476,1.0
18.140461503542635,0.9800831509750824,-0.00507924180839476,1.0
18.68137301734501,0.38520831745364903,0.00946580029151323,1.0
18.680426451451606,0.48520383741834266,0.00946580029151323,1.0
18.679479885558205,0.5851993573830363,0.00946580029151323,1.0
18.6785333196648,0.68519487734773,0.00946580029151323,1.0
18.677586753771397,0.7851903973124237,0.00946580029151323,1.0
18.676640187877997,0.8851859172771173,0.00946580029151323,1.0
18.675693621984593,0.985181437241811,0.00946580029151323,1.0
19.21288881121227,0.4126692429365937,0.05213239509083045,1.0
19.207677932794414,0.5125333843794274,0.05213239509083045,1.0
19.202467054376555,0.6123975258222613,0.05213239509083045,1.0
19.1972561759587,0.712261667265095,0.05213239509083045,1.0
19.192045297540844,0.8121258087079287,0.05213239509083045,1.0
19.186834419122984,0.9119899501507626,0.05213239509083045,1.0
19.18162354070513,1.0118540915935963,0.05213239509083045,1.0
19.75938353461274,0.4571057222898882,0.08136712295848093,1.0
19.751255797676627,0.5567748744499088,0.08136712295848093,1.0
19.743128060740514,0.6564440266099294,0.08136712295848093,1.0
19.7350003238044,0.75611317876995,0.08136712295848093,1.0
19.726872586868286,0.8557823309299706,0.08136712295848093,1.0
19.718744849932172,0.9554514830899912,0.08136712295848093,1.0
19.710617112996058,1.0551206352500118,0.08136712295848093,1.0
20.264890029635527,0.4729914843077885,0.032133850703534673,1.0
20.26167719755182,0.5729398595322106,0.032133850703534673,1.0
20.258464365468107,0.6728882347566327,0.032133850703534673,1.0
20.2552515333844,0.772836609981055,0.032133850703534673,1.0
20.25203870130069,0.8727849852054772,0.032133850703534673,0.6666666666666666
20.24882586921698,0.9727333604298993,0.032133850703534673,1.0
20.24561303713327,1.0726817356543215,0.032133850703534673,1.0
20.71678930608149,0.38964841286070134,-0.16919245404483044,1.0
20.733627944981194,0.4882205196658489,-0.16919245404483044,1.0
20.750466583880897,0.5867926264709964,-0.16919245404483044,1.0
20.7673052227806,0.685364733276144,-0.16919245404483044,1.0
20.784143861680302,0.7839368400812916,-0.16919245404483044,1.0
20.800982500580005,0.8825089468864391,-0.16919245404483044,1.0
20.817821139479708,0.9810810536915866,-0.16919245404483044,1.0
21.239781784232576,0.31678767599938984,-0.1381504129954811,1.0
21.253552922868952,0.4158349159440635,-0.1381504129954811,1.0
21.267324061505324,0.5148821558887373,-0.1381504129954811,1.0
21.2810952001417,0.613929395833411,-0.1381504129954811,1.0
21.294866338778075,0.7129766357780847,-0.1381504129954811,1.0
21.308637477414447,0.8120238757227585,-0.1381504129954811,1.0
21.322408616050822,0.9110711156674322,-0.1381504129954811,1.0
21.79239721103083,0.30217149468156396,-0.022838968513462794,1.0
21.794680909333554,0.4021454148910973,-0.022838968513462794,1.0
21.796964607636276,0.5021193351006307,-0.022838968513462794,1.0
21.799248305939,0.602093255310164,-0.022838968513462794,1.0
21.80153200424172,0.7020671755196973,-0.022838968513462794,0.6666666666666666
21.803815702544444,0.8020410957292308,-0.022838968513462794,1.0
21.806099400847167,0.9020150159387641,-0.022838968513462794,1.0
22.32446203973007,0.3114292962986935,0.01786496037335749,1.0
22.322675638719947,0.41141333888265297,0.01786496037335749,1.0
22.32088923770982,0.5113973814666125,0.01786496037335749,1.0
22.3191028366997,0.611381424050572,0.01786496037335749,1.0
22.317316435689577,0.7113654666345316,0.01786496037335749,1.0
22.31553003467945,0.8113495092184911,0.01786496037335749,1.0
22.31374363366933,0.9113335518024506,0.01786496037335749,1.0
22.852628375179634,0.33709703601954,0.048831625125872455,1.0
22.847747153108322,0.436977833328585,0.048831625125872455,1.0
22.84286593103701,0.5368586306376301,0.048831625125872455,1.0
22.8379847089657,0.636739427946675,0.048831625125872455,1.0
22.833103486894387,0.73662022525572,0.048831625125872455,1.0
22.828222264823076,0.8365010225647651,0.048831625125872455,1.0
22.823341042751764,0.9363818198738101,0.048831625125872455,1.0
23.37410547489134,0.36668903299920846,0.05670349570548291,1.0
23.368438163465328,0.4665283117486093,0.05670349570548291,1.0
23.36277085203931,0.5663675904980101,0.05670349570548291,1.0
23.3571035406133,0.666206869247411,0.05670349570548291,1.0
23.351436229187286,0.7660461479968119,0.05670349570548291,1.0
23.34576891776127,0.8658854267462127,0.05670349570548291,1.0
23.340101606335256,0.9657247054956135,0.05670349570548291,1.0
23.907032418003986,0.3849610810566333,0.03441255786341838,1.0
23.903591841380457,0.48490187569274584,0.03441255786341838,1.0
23.90015126475693,0.5848426703288584,0.03441255786341838,1.0
23.8967106881334,0.684783464964971,0.03441255786341838,1.0
23.89327011150987,0.7847242596010836,0.03441255786341838,1.0
23.889829534886342,0.8846650542371961,0.03441255786341838,1.0
23.886388958262813,0.9846058488733087,0.03441255786341838,1.0
24.46217229870157,0.43888374418441123,0.09791380358943652,1.0
24.452396556022947,0.5384047713851055,0.09791380358943652,1.0
24.442620813344323,0.6379257985857998,0.09791380358943652,1.0
24.4328450706657,0.737446825786494,0.09791380358943652,1.0
24.423069327987076,0.8369678529871882,0.09791380358943652,1.0
24.413293585308452,0.9364888801878826,0.09791380358943652,1.0
24.403517842629828,1.0360099073885767,0.09791380358943652,1.0
24.988679699089943,0.511050848654127,0.13664205702805826,1.0
24.975057974557963,0.61011874769703,0.13664205702805826,1.0
24.96143625002598,0.709186646739933,0.13664205702805826,1.0
24.947814525494,0.808254545782836,0.13664205702805826,1.0
24.93419280096202,0.9073224448257389,0.13664205702805826,0.6666666666666666
24.920571076430036,1.006390343868642,0.13664205702805826,1.0
24.906949351898056,1.105458242911545,0.13664205702805826,1.0
25.49656788693028,0.572851828922368,0.12115726597196858,1.0
25.48448177987825,0.6721187721427924,0.12115726597196858,1.0
25.472395672826227,0.7713857153632167,0.12115726597196858,1.0
25.4603095657742,0.870652658583641,0.12115726597196858,1.0
25.448223458722172,0.9699196018040654,0.12115726597196858,1.0
25.436137351670148,1.0691865450244897,0.12115726597196858,1.0
25.42405124461812,1.1684534882449142,0.12115726597196858,1.0
26.044970805851246,0.9077114471092347,0.6009166350321884,1.0
25.98843092908973,0.9901932168271098,0.6009166350321884,1.0
25.931891052328215,1.072674986544985,0.6009166350321884,1.0
25.8753511755667,1.15515675626286,0.6009166350321884,1.0
25.818811298805183,1.237638525980735,0.6009166350321884,1.0
25.762271422043668,1.3201202956986102,0.6009166350321884,1.0
25.705731545282152,1.4026020654164852,0.6009166350321884,1.0
26.343507033545087,1.521129221494317,1.1927192388163461,1.0
26.25056941697946,1.5580426259309181,1.1927192388163461,1.0
26.157631800413828,1.594956030367519,1.1927192388163461,1.0
26.0646941838482,1.63186943480412,1.1927192388163461,1.0
25.971756567282572,1.6687828392407211,1.1927192388163461,1.0
25.87881895071694,1.705696243677322,1.1927192388163461,1.0
25.785881334151313,1.742609648113923,1.1927192388163461,1.0
26.41130695464789,2.119275982565015,1.4780834521571384,1.0
26.31173643073533,2.12853399357049,1.4780834521571384,1.0
26.212165906822765,2.137792004575965,1.4780834521571384,1.0
26.1125953829102,2.14705001558144,1.4780834521571384,1.0
26.013024858997635,2.1563080265869146,1.4780834521571384,0.6666666666666666
25.91345433508507,2.1655660375923897,1.4780834521571384,1.0
25.81388381117251,2.1748240485978645,1.4780834521571384,1.0
26.367139837324228,2.686834961412565,1.6568582877554623,1.0
26.267509941859252,2.6782393852458433,1.6568582877554623,1.0
26.167880046394274,2.6696438090791217,1.6568582877554623,1.0
26.0682501509293,2.6610482329124,1.6568582877554623,1.0
25.968620255464323,2.6524526567456785,1.6568582877554623,1.0
25.868990359999344,2.643857080578957,1.6568582877554623,1.0
25.76936046453437,2.6352615044122354,1.6568582877554623,1.0
26.18953276460862,3.24677045725473,1.8920048941845327,1.0
26.09464730960415,3.215199102697253,1.8920048941845327,1.0
25.999761854599672,3.183627748139777,1.8920048941845327,1.0
25.9048763995952,3.1520563935823,1.8920048941845327,1.0
25.809990944590727,3.1204850390248233,1.8920048941845327,1.0
25.71510548958625,3.088913684467347,1.8920048941845327,1.0
25.620220034581777,3.0573423299098703,1.8920048941845327,1.0
25.952542474033027,3.7488868853337136,2.0159231281739136,1.0
25.862286866484318,3.7058296524220022,2.0159231281739136,1.0
25.77203125893561,3.6627724195102913,2.0159231281739136,1.0
25.6817756513869,3.61971518659858,2.0159231281739136,1.0
25.59152004383819,3.5766579536868686,2.0159231281739136,1.0
25.501264436289482,3.5336007207751576,2.0159231281739136,1.0
25.411008828740773,3.4905434878634463,2.0159231281739136,1.0
25.68133270188776,4.21948434334769,2.0953557068078,1.0
25.594778231679374,4.1694011756469,2.0953557068078,1.0
25.508223761470987,4.11931800794611,2.0953557068078,1.0
25.4216692912626,4.06923484024532,2.0953557068078,1.0
25.335114821054212,4.01915167254453,2.0953557068078,0.6666666666666666
25.248560350845825,3.96906850484374,2.0953557068078,1.0
25.162005880637437,3.91898533714295,2.0953557068078,1.0
25.405898863640648,4.662636765942209,2.127189919617864,1.0
25.32098233655963,4.609824045613682,2.127189919617864,1.0
25.236065809478617,4.557011325285156,2.127189919617864,0.6666666666666666
25.1511492823976,4.50419860495663,2.127189919617864,1.0
25.066232755316584,4.451385884628104,2.127189919617864,1.0
24.98131622823557,4.398573164299578,2.127189919617864,1.0
24.896399701154554,4.345760443971051,2.127189919617864,1.0
25.03226505036205,5.090629418322685,2.295992796026798,0.3333333333333333
24.95742813818107,5.02430116962565,2.295992796026798,0.0
24.882591226000084,4.957972920928615,2.295992796026798,0.0
24.8077543138191,4.89164467223158,2.295992796026798,1.0
24.732917401638115,4.825316423534545,2.295992796026798,1.0
24.65808048945713,4.75898817483751,2.295992796026798,1.0
24.58324357727615,4.692659926140475,2.295992796026798,1.0
24.626359628701987,5.462467836109089,2.403091382498987,1.0
24.55904158964436,5.388520005732293,2.403091382498987,1.0
24.491723550586727,5.314572175355496,2.403091382498987,1.0
24.4244055115291,5.2406243449787,2.403091382498987,1.0
24.35708747247147,5.166676514601904,2.403091382498987,1.0
24.289769433413838,5.092728684225108,2.403091382498987,1.0
24.22245139435621,5.018780853848312,2.403091382498987,1.0
24.30635123129818,5.8286506868117005,2.292756038201475,1.0
24.231300023031952,5.762565014099837,2.292756038201475,1.0
24.15624881476573,5.696479341387973,2.292756038201475,1.0
24.0811976064995,5.63039366867611,2.292756038201475,1.0
24.006146398233273,5.5643079959642465,2.292756038201475,0.6666666666666666
23.93109518996705,5.498222323252382,2.292756038201475,0.6666666666666666
23.85604398170082,5.432136650540519,2.292756038201475,0.6666666666666666
23.94975921129599,6.232179096441065,2.2945250403817896,1.0
23.874825026099327,6.165960761450581,2.2945250403817896,1.0
23.799890840902663,6.099742426460096,2.2945250403817896,1.0
23.724956655706,6.03352409146961,2.2945250403817896,1.0
23.650022470509334,5.967305756479125,2.2945250403817896,1.0
23.57508828531267,5.90108742148864,2.2945250403817896,1.0
23.500154100116006,5.834869086498156,2.2945250403817896,1.0
23.57602531169272,6.597578129782585,2.3690643279508716,1.0
23.506230499327813,6.525963297750754,2.3690643279508716,1.0
23.43643568696291,6.454348465718922,2.3690643279508716,1.0
23.366640874598,6.38273363368709,2.3690643279508716,1.0
23.296846062233094,6.311118801655259,2.3690643279508716,1.0
23.22705124986819,6.239503969623427,2.3690643279508716,1.0
23.157256437503282,6.167889137591596,2.3690643279508716,1.0
23.184324876914552,6.951859020100147,2.406716574959007,0.0
23.117275354733902,6.877667635321681,2.406716574959007,0.0
23.05022583255325,6.803476250543216,2.406716574959007,0.0
22.9831763103726,6.72928486576475,2.406716574959007,0.6666666666666666
22.91612678819195,6.6550934809862845,2.406716574959007,1.0
22.849077266011296,6.5809020962078195,2.406716574959007,1.0
22.782027743830646,6.506710711429354,2.406716574959007,1.0
22.64817349232597,7.224898783473424,2.6905113865552117,0.6666666666666666
22.604579601983747,7.1349011572556735,2.6905113865552117,0.3333333333333333
22.56098571164152,7.044903531037922,2.6905113865552117,0.0
22.5173918212993,6.95490590482017,2.6905113865552117,1.0
22.473797930957076,6.864908278602418,2.6905113865552117,1.0
22.43020404061485,6.7749106523846665,2.6905113865552117,1.0
22.386610150272627,6.684913026166916,2.6905113865552117,1.0
22.171457511061426,7.445089012464121,2.7089928784502915,1.0
22.12953426130672,7.354301121586514,2.7089928784502915,0.6666666666666666
22.08761101155201,7.263513230708907,2.7089928784502915,0.3333333333333333
22.0456877617973,7.1727253398313,2.7089928784502915,1.0
22.00376451204259,7.081937448953693,2.7089928784502915,1.0
21.96184126228788,6.991149558076086,2.7089928784502915,1.0
21.919918012533174,6.900361667198479,2.7089928784502915,1.0
21.72436753588847,7.679454658700298,2.659498874472576,0.6666666666666666
21.67800400254528,7.590852047136445,2.659498874472576,0.3333333333333333
21.63164046920209,7.502249435572593,2.659498874472576,0.3333333333333333
21.5852769358589,7.41364682400874,2.659498874472576,1.0
21.53891340251571,7.325044212444888,2.659498874472576,1.0
21.49254986917252,7.236441600881036,2.659498874472576,1.0
21.44618633582933,7.147838989317183,2.659498874472576,1.0
21.26589704525859,7.921371616744497,2.6560653795148896,0.6666666666666666
21.219229569180058,7.832928716088425,2.6560653795148896,0.3333333333333333
21.17256209310153,7.744485815432352,2.6560653795148896,0.3333333333333333
21.125894617023,7.65604291477628,2.6560653795148896,1.0
21.07922714094447,7.567600014120208,2.6560653795148896,1.0
21.032559664865943,7.479157113464135,2.6560653795148896,1.0
20.98589218878741,7.390714212808063,2.6560653795148896,1.0
20.800456471392554,8.159425495455011,2.6688667598225355,0.6666666666666666
20.75492497937004,8.070392449712413,2.6688667598225355,0.6666666666666666
20.70939348734752,7.981359403969817,2.6688667598225355,0.3333333333333333
20.663861995325,7.89232635822722,2.6688667598225355,1.0
20.61833050330248,7.803293312484623,2.6688667598225355,1.0
20.57279901127996,7.714260266742026,2.6688667598225355,1.0
20.527267519257446,7.62522722099943,2.6688667598225355,1.0
20.31023648952107,8.3759438063183,2.726615838254108,1.0
20.26991961815981,8.284431239511113,2.726615838254108,1.0
20.229602746798555,8.192918672703927,2.726615838254108,1.0
20.1892858754373,8.10140610589674,2.726615838254108,1.0
20.148969004076044,8.009893539089552,2.726615838254108,1.0
20.108652132714788,7.918380972282365,2.726615838254108,1.0
20.06833526135353,7.826868405475178,2.726615838254108,1.0
19.881969072979526,8.61734612100484,2.6310952163457544,1.0
19.83310794077058,8.530095964791453,2.6310952163457544,1.0
19.78424680856164,8.442845808578067,2.6310952163457544,1.0
19.7353856763527,8.35559565236468,2.6310952163457544,1.0
19.686524544143758,8.268345496151294,2.6310952163457544,1.0
19.637663411934817,8.181095339937908,2.6310952163457544,1.0
19.588802279725872,8.093845183724522,2.6310952163457544,1.0
19.439676115052713,8.877132211291176,2.6106399607469144,0.6666666666666666
19.389040604874275,8.790899705187217,2.6106399607469144,0.6666666666666666
19.338405094695837,8.704667199083259,2.6106399607469144,0.6666666666666666
19.2877695845174,8.6184346929793,2.6106399607469144,1.0
19.23713407433896,8.53220218687534,2.6106399607469144,1.0
19.186498564160523,8.445969680771382,2.6106399607469144,1.0
19.135863053982085,8.359737174667423,2.6106399607469144,1.0
18.979715408452694,9.133610218696152,2.6330700370998517,0.6666666666666666
18.931026674828196,9.046263740701658,2.6330700370998517,0.6666666666666666
18.882337941203698,8.958917262707164,2.6330700370998517,0.6666666666666666
18.8336492075792,8.87157078471267,2.6330700370998517,1.0
18.7849604739547,8.784224306718176,2.6330700370998517,1.0
18.736271740330203,8.696877828723682,2.6330700370998517,1.0
18.687583006705704,8.609531350729188,2.6330700370998517,1.0
18.511965455602528,9.376565450748275,2.6627871249346127,1.0
18.46589351996745,9.287810863560697,2.6627871249346127,1.0
18.419821584332375,9.199056276373119,2.6627871249346127,1.0
18.3737496486973,9.11030168918554,2.6627871249346127,1.0
18.327677713062222,9.021547101997962,2.6627871249346127,1.0
18.281605777427146,8.932792514810384,2.6627871249346127,1.0
18.23553384179207,8.844037927622805,2.6627871249346127,1.0
18.057037999555746,9.620302931119515,2.6497875984293726,0.6666666666666666
18.009816221547364,9.53215473952305,2.6497875984293726,0.6666666666666666
17.962594443538983,9.444006547926586,2.6497875984293726,0.6666666666666666
17.9153726655306,9.35585835633012,2.6497875984293726,1.0
17.86815088752222,9.267710164733655,2.6497875984293726,1.0
17.820929109513838,9.179561973137192,2.6497875984293726,1.0
17.773707331505456,9.091413781540727,2.6497875984293726,1.0
17.59833505947115,9.86353813009515,2.6540305667567643,0.0
17.55148771538663,9.775190372046477,2.6540305667567643,0.0
17.504640371302116,9.686842613997804,2.6540305667567643,0.0
17.4577930272176,9.59849485594913,2.6540305667567643,0.3333333333333333
17.410945683133086,9.510147097900457,2.6540305667567643,0.6666666666666666
17.36409833904857,9.421799339851784,2.6540305667567643,1.0
17.317250994964052,9.33345158180311,2.6540305667567643,1.0
17.005174477885646,9.987866145550191,2.957619946098721,0.3333333333333333
16.986880810525996,9.889553675666994,2.957619946098721,0.3333333333333333
16.96858714316635,9.791241205783797,2.957619946098721,0.0
16.9502934758067,9.6929287359006,2.957619946098721,1.0
16.93199980844705,9.594616266017402,2.957619946098721,1.0
16.913706141087403,9.496303796134205,2.957619946098721,1.0
16.895412473727752,9.397991326251008,2.957619946098721,1.0
16.481771806756093,10.068240715149665,2.989509315731709,1.0
16.466622031666063,9.969394954923333,2.989509315731709,0.6666666666666666
16.45147225657603,9.870549194697002,2.989509315731709,0.3333333333333333
16.436322481486,9.77170343447067,2.989509315731709,1.0
16.421172706395968,9.672857674244337,2.989509315731709,1.0
16.406022931305934,9.574011914018007,2.989509315731709,1.0
16.390873156215903,9.475166153791674,2.989509315731709,1.0
15.998807586457684,10.18258153711074,2.9109872943924273,1.0
15.975950896494256,10.085228716278904,2.9109872943924273,1.0
15.953094206530828,9.987875895447067,2.9109872943924273,0.3333333333333333
15.9302375165674,9.89052307461523,2.9109872943924273,1.0
15.907380826603973,9.793170253783392,2.9109872943924273,1.0
15.884524136640545,9.695817432951555,2.9109872943924273,1.0
15.861667446677117,9.598464612119718,2.9109872943924273,1.0
15.48410909780817,10.291675350227433,2.932863541910089,1.0
15.463387421431513,10.193845844820622,2.932863541910089,1.0
15.442665745054857,10.096016339413811,2.932863541910089,1.0
15.4219440686782,9.998186834007,2.932863541910089,1.0
15.401222392301545,9.90035732860019,2.932863541910089,0.6666666666666666
15.380500715924889,9.80252782319338,2.932863541910089,0.6666666666666666
15.359779039548231,9.704698317786569,2.932863541910089,0.6666666666666666
14.97101460483545,10.394582624953356,2.94369033461815,1.0
14.951353302021733,10.296534508338771,2.94369033461815,1.0
14.931691999208017,10.198486391724185,2.94369033461815,1.0
14.9120306963943,10.1004382751096,2.94369033461815,0.6666666666666666
14.892369393580584,10.002390158495015,2.94369033461815,0.3333333333333333
14.872708090766867,9.904342041880428,2.94369033461815,0.0
14.85304678795315,9.806293925265843,2.94369033461815,0.0
14.54141517855715,10.57104353624051,2.7624303143664366,1.0
14.504400935214033,10.478146034714706,2.7624303143664366,1.0
14.467386691870917,10.385248533188904,2.7624303143664366,1.0
14.4303724485278,10.2923510316631,2.7624303143664366,1.0
14.393358205184683,10.199453530137298,2.7624303143664366,1.0
14.356343961841567,10.106556028611495,2.7624303143664366,0.6666666666666666
14.31932971849845,10.013658527085692,2.7624303143664366,0.3333333333333333
14.244077173634071,10.862945483820804,2.409749511874553,1.0
14.177252977282347,10.788551083615236,2.409749511874553,1.0
14.110428780930624,10.714156683409668,2.409749511874553,1.0
14.0436045845789,10.6397622832041,2.409749511874553,1.0
13.976780388227175,10.565367882998531,2.409749511874553,1.0
13.909956191875452,10.490973482792963,2.409749511874553,1.0
13.843131995523727,10.416579082587395,2.409749511874553,1.0
13.840092135440935,11.203422780264379,2.441582999816899,1.0
13.77566962835889,11.12693918345262,2.441582999816899,1.0
13.711247121276845,11.05045558664086,2.441582999816899,0.6666666666666666
13.6468246141948,10.9739719898291,2.441582999816899,1.0
13.582402107112756,10.897488393017339,2.441582999816899,1.0
13.51797960003071,10.821004796205578,2.441582999816899,1.0
13.453557092948666,10.74452119939382,2.441582999816899,1.0
13.403554225383923,11.521877034737537,2.512746612937885,1.0
13.344733031884582,11.44100635281069,2.512746612937885,1.0
13.28591183838524,11.360135670883846,2.512746612937885,1.0
13.2270906448859,11.279264988957,2.512746612937885,1.0
13.168269451386559,11.198394307030153,2.512746612937885,1.0
13.109448257887218,11.117523625103308,2.512746612937885,1.0
13.050627064387877,11.036652943176462,2.512746612937885,1.0
12.913610784872485,11.788464606690491,2.64820256493431,1.0
12.866249348404757,11.700391373891227,2.64820256493431,1.0
12.818887911937027,11.612318141091963,2.64820256493431,1.0
12.7715264754693,11.5242449082927,2.64820256493431,1.0
12.724165039001571,11.436171675493435,2.64820256493431,1.0
12.676803602533841,11.348098442694171,2.64820256493431,1.0
12.629442166066113,11.260025209894907,2.64820256493431,1.0
12.391157684214132,11.987143971271944,2.7830735995945632,1.0
12.356068900732556,11.893502221641864,2.7830735995945632,1.0
12.320980117250977,11.799860472011781,2.7830735995945632,1.0
12.2858913337694,11.7062187223817,2.7830735995945632,1.0
12.25080255028782,11.612576972751617,2.7830735995945632,1.0
12.215713766806243,11.518935223121535,2.7830735995945632,1.0
12.180624983324666,11.425293473491454,2.7830735995945632,1.0
11.867955929270213,12.160276776969809,2.8224463728006683,1.0
11.836580322713342,12.065326414605106,2.8224463728006683,1.0
11.80520471615647,11.970376052240402,2.8224463728006683,1.0
11.7738291095996,11.8754256898757,2.8224463728006683,1.0
11.742453503042729,11.780475327510997,2.8224463728006683,1.0
11.711077896485858,11.685524965146293,2.8224463728006683,1.0
11.679702289928986,11.59057460278159,2.8224463728006683,1.0
11.344832442284533,12.31902094774186,2.847136885425894,1.0
11.315810533793956,12.223324924691973,2.847136885425894,1.0
11.286788625303377,12.127628901642087,2.847136885425894,1.0
11.2577667168128,12.0319328785922,2.847136885425894,1.0
11.228744808322222,11.936236855542312,2.847136885425894,1.0
11.199722899831643,11.840540832492426,2.847136885425894,1.0
11.170700991341066,11.744844809442538,2.847136885425894,1.0
10.84604774017161,12.468171795110754,2.851031741304698,1.0
10.817398773086106,12.372363462044504,2.851031741304698,1.0
10.788749806000604,12.276555128978252,2.851031741304698,1.0
10.7601008389151,12.180746795912,2.851031741304698,1.0
10.731451871829597,12.084938462845749,2.851031741304698,1.0
10.702802904744095,11.989130129779497,2.851031741304698,1.0
10.674153937658591,11.893321796713247,2.851031741304698,1.0
10.336038494516005,12.604545514910296,2.8805584708821974,1.0
10.310230510712003,12.507933155597565,2.8805584708821974,1.0
10.284422526908003,12.411320796284832,2.8805584708821974,1.0
10.258614543104,12.3147084369721,2.8805584708821974,1.0
10.232806559299998,12.21809607765937,2.8805584708821974,1.0
10.206998575495998,12.121483718346637,2.8805584708821974,1.0
10.181190591691996,12.024871359033906,2.8805584708821974,1.0
9.811280107466862,12.7142013684647,2.936466828554787,1.0
9.790911072599295,12.616297832172267,2.936466828554787,1.0
9.770542037731728,12.518394295879833,2.936466828554787,1.0
9.75017300286416,12.4204907595874,2.936466828554787,1.0
9.729803967996594,12.322587223294967,2.936466828554787,1.0
9.709434933129026,12.224683687002534,2.936466828554787,1.0
9.68906589826146,12.1267801507101,2.936466828554787,1.0
9.28432987425662,12.79839401310366,2.9837876363099056,1.0
9.26861478648331,12.699636552543573,2.9837876363099056,1.0
9.252899698710001,12.600879091983487,2.9837876363099056,1.0
9.23718461093669,12.5021216314234,2.9837876363099056,1.0
9.22146952316338,12.403364170863313,2.9837876363099056,1.0
9.205754435390071,12.304606710303226,2.9837876363099056,1.0
9.19003934761676,12.205849249743139,2.9837876363099056,1.0
8.776208945284994,12.886488737456066,2.9699809962714334,1.0
8.759131889928852,12.787957655150212,2.9699809962714334,1.0
8.742054834572711,12.689426572844356,2.9699809962714334,1.0
8.72497777921657,12.5908954905385,2.9699809962714334,1.0
8.707900723860428,12.492364408232644,2.9699809962714334,1.0
8.690823668504287,12.393833325926789,2.9699809962714334,1.0
8.673746613148145,12.295302243620934,2.9699809962714334,1.0
8.223782360932292,12.943128419961981,3.040773930663755,0.3333333333333333
8.213717559350503,12.843636210371889,3.040773930663755,0.3333333333333333
8.203652757768712,12.744144000781795,3.040773930663755,0.0
8.19358795618692,12.6446517911917,3.040773930663755,1.0
8.18352315460513,12.545159581601606,3.040773930663755,1.0
8.173458353023339,12.445667372011512,3.040773930663755,1.0
8.16339355144155,12.346175162421419,3.040773930663755,1.0
7.613444242078951,12.854568597148315,-2.9809677499969793,1.0
7.629437751813268,12.75585584393791,-2.9809677499969793,1.0
7.645431261547584,12.657143090727505,-2.9809677499969793,0.6666666666666666
7.6614247712819,12.5584303375171,-2.9809677499969793,1.0
7.677418281016216,12.459717584306695,-2.9809677499969793,1.0
7.693411790750532,12.36100483109629,-2.9809677499969793,1.0
7.709405300484849,12.262292077885885,-2.9809677499969793,1.0
7.108626256789415,12.792919409390784,-3.01963189380049,1.0
7.120792120306593,12.69366220932509,-3.01963189380049,1.0
7.132957983823772,12.594405009259395,-3.01963189380049,1.0
7.14512384734095,12.4951478091937,-3.01963189380049,1.0
7.157289710858128,12.395890609128005,-3.01963189380049,1.0
7.1694555743753074,12.29663340906231,-3.01963189380049,1.0
7.181621437892486,12.197376208996616,-3.01963189380049,1.0
6.598942873007007,12.743951805295655,-3.0456143158586086,1.0
6.608525977945468,12.644412043894803,-3.0456143158586086,1.0
6.6181090828839295,12.544872282493952,-3.0456143158586086,1.0
6.62769218782239,12.4453325210931,-3.0456143158586086,1.0
6.637275292760851,12.345792759692248,-3.0456143158586086,1.0
6.6468583976993125,12.246252998291396,-3.0456143158586086,1.0
6.656441502637773,12.146713236890545,-3.0456143158586086,1.0
6.08132896586199,12.694080955200118,-3.0455415441230214,1.0
6.090919314456267,12.594541891442011,-3.0455415441230214,1.0
6.100509663050543,12.495002827683907,-3.0455415441230214,1.0
6.11010001164482,12.3954637639258,-3.0455415441230214,1.0
6.1196903602390975,12.295924700167694,-3.0455415441230214,1.0
6.129280708833374,12.19638563640959,-3.0455415441230214,1.0
6.138871057427651,12.096846572651483,-3.0455415441230214,1.0
5.561402381126133,12.638007363950528,-3.034121440714561,1.0
5.572128826039129,12.538584311394652,-3.034121440714561,1.0
5.582855270952124,12.439161258838777,-3.034121440714561,1.0
5.59358171586512,12.3397382062829,-3.034121440714561,1.0
5.604308160778117,12.240315153727025,-3.034121440714561,1.0
5.615034605691112,12.140892101171149,-3.034121440714561,1.0
5.625761050604108,12.041469048615273,-3.034121440714561,1.0
5.021357454264601,12.570935749893419,-3.0179569941955786,1.0
5.033689546484851,12.471699065640713,-3.0179569941955786,1.0
5.0460216387051,12.372462381388006,-3.0179569941955786,1.0
5.05835373092535,12.2732256971353,-3.0179569941955786,1.0
5.0706858231456,12.173989012882595,-3.0179569941955786,1.0
5.083017915365849,12.074752328629888,-3.0179569941955786,1.0
5.095350007586099,11.975515644377182,-3.0179569941955786,1.0
4.468410405346015,12.450036861697987,-2.9239976262463876,0.6666666666666666
4.489998604101407,12.352394915412091,-2.9239976262463876,0.6666666666666666
4.511586802856798,12.254752969126196,-2.9239976262463876,1.0
4.53317500161219,12.1571110228403,-2.9239976262463876,1.0
4.554763200367582,12.059469076554405,-2.9239976262463876,1.0
4.576351399122974,11.96182713026851,-2.9239976262463876,1.0
4.597939597878366,11.864185183982615,-2.9239976262463876,1.0
3.9425855928608367,12.240445974229456,-2.7547235457327175,0.3333333333333333
3.980314669455988,12.147836488866037,-2.7547235457327175,0.3333333333333333
4.018043746051139,12.055227003502619,-2.7547235457327175,0.3333333333333333
4.05577282264629,11.9626175181392,-2.7547235457327175,0.6666666666666666
4.093501899241441,11.870008032775782,-2.7547235457327175,1.0
4.131230975836592,11.777398547412364,-2.7547235457327175,1.0
4.168960052431744,11.684789062048946,-2.7547235457327175,1.0
3.474527655985378,11.830625977361018,-2.3908598466040094,1.0
3.542745132352159,11.757507061079744,-2.3908598466040094,1.0
3.6109626087189395,11.684388144798472,-2.3908598466040094,1.0
3.67918008508572,11.6112692285172,-2.3908598466040094,1.0
3.7473975614525004,11.538150312235928,-2.3908598466040094,1.0
3.815615037819281,11.465031395954655,-2.3908598466040094,1.0
3.8838325141860617,11.391912479673381,-2.3908598466040094,1.0
3.0996949021433893,11.455419985376041,-2.3553400713065655,1.0
3.170465970982989,11.38476974959936,-2.3553400713065655,1.0
3.2412370398225896,11.31411951382268,-2.3553400713065655,1.0
3.31200810866219,11.243469278046,-2.3553400713065655,1.0
3.3827791775017904,11.17281904226932,-2.3553400713065655,1.0
3.4535502463413907,11.102168806492639,-2.3553400713065655,1.0
3.5243213151809907,11.031518570715958,-2.3553400713065655,1.0
2.7184617218421177,11.161279510464615,-2.479635055204661,1.0
2.7799279382133317,11.082400462264175,-2.479635055204661,1.0
2.841394154584546,11.003521414063737,-2.479635055204661,1.0
2.90286037095576,10.9246423658633,-2.479635055204661,1.0
2.964326587326974,10.845763317662861,-2.479635055204661,1.0
3.025792803698188,10.766884269462423,-2.479635055204661,1.0
3.087259020069402,10.688005221261983,-2.479635055204661,0.6666666666666666
2.3023680216492846,10.910548076691468,-2.59515905898224,1.0
2.354332367972563,10.825109755598445,-2.59515905898224,1.0
2.406296714295842,10.739671434505423,-2.59515905898224,1.0
2.45826106061912,10.6542331134124,-2.59515905898224,1.0
2.5102254069423986,10.568794792319379,-2.59515905898224,1.0
2.5621897532656774,10.483356471226356,-2.59515905898224,1.0
2.614154099588956,10.397918150133334,-2.59515905898224,1.0
1.876036300079191,10.552785054469531,-2.4366659626179916,1.0
1.9408340995583508,10.476619148824954,-2.4366659626179916,1.0
2.0056318990375104,10.400453243180378,-2.4366659626179916,1.0
2.07042969851667,10.3242873375358,-2.4366659626179916,1.0
2.13522749799583,10.248121431891223,-2.4366659626179916,1.0
2.2000252974749896,10.171955526246647,-2.4366659626179916,1.0
2.264823096954149,10.09578962060207,-2.4366659626179916,1.0
1.5779079871007085,9.957824323195279,-1.991332255075238,1.0
1.6691950149843158,9.916999348728936,-1.991332255075238,1.0
1.7604820428679229,9.876174374262593,-1.991332255075238,1.0
1.85176907075153,9.83534939979625,-1.991332255075238,1.0
1.943056098635137,9.794524425329907,-1.991332255075238,1.0
2.034343126518744,9.753699450863564,-1.991332255075238,1.0
2.1256301544023515,9.712874476397221,-1.991332255075238,1.0
1.4430706904476966,9.352282740133722,-1.7790374504061293,1.0
1.5409102961367511,9.331608805853804,-1.7790374504061293,1.0
1.6387499018258056,9.310934871573888,-1.7790374504061293,1.0
1.73658950751486,9.29026093729397,-1.7790374504061293,1.0
1.8344291132039146,9.269587003014053,-1.7790374504061293,1.0
1.932268718892969,9.248913068734137,-1.7790374504061293,1.0
2.0301083245820237,9.228239134454219,-1.7790374504061293,1.0
1.3699202328476816,8.793728087083828,-1.6993281139584873,1.0
1.4690953483905977,8.780910269131882,-1.6993281139584873,1.0
1.5682704639335139,8.768092451179935,-1.6993281139584873,1.0
1.66744557947643,8.75527463322799,-1.6993281139584873,1.0
1.7666206950193462,8.742456815276043,-1.6993281139584873,1.0
1.8657958105622623,8.729638997324097,-1.6993281139584873,1.0
1.9649709261051784,8.71682117937215,-1.6993281139584873,1.0
1.2879010429396391,8.290752397627246,-1.7321249025382528,1.0
1.3866025175245527,8.274689430442955,-1.7321249025382528,1.0
1.4853039921094664,8.258626463258661,-1.7321249025382528,1.0
1.58400546669438,8.24256349607437,-1.7321249025382528,1.0
1.6827069412792934,8.226500528890078,-1.7321249025382528,1.0
1.7814084158642072,8.210437561705785,-1.7321249025382528,1.0
1.8801098904491207,8.194374594521493,-1.7321249025382528,1.0
1.210958654095851,7.751196806640113,-1.7123368072131517,1.0
1.309958639888994,7.7370899709581655,-1.7123368072131517,1.0
1.408958625682137,7.722983135276218,-1.7123368072131517,1.0
1.50795861147528,7.70887629959427,-1.7123368072131517,1.0
1.6069585972684233,7.694769463912323,-1.7123368072131517,1.0
1.7059585830615662,7.680662628230375,-1.7123368072131517,1.0
1.8049585688547092,7.666555792548428,-1.7123368072131517,1.0
1.1426251467519992,7.233724402193927,-1.7020587975324535,1.0
1.2417648911774994,7.220635816508435,-1.7020587975324535,1.0
1.3409046356029997,7.207547230822942,-1.7020587975324535,1.0
1.4400443800285,7.19445864513745,-1.7020587975324535,1.0
1.5391841244540005,7.181370059451958,-1.7020587975324535,1.0
1.6383238688795008,7.1682814737664655,-1.7020587975324535,1.0
1.737463613305001,7.155192888080974,-1.7020587975324535,1.0
1.0710559869003915,6.699549802592872,-1.703982967945756,1.0
1.1701703631430909,6.686270479491879,-1.703982967945756,1.0
1.2692847393857905,6.672991156390884,-1.703982967945756,1.0
1.36839911562849,6.65971183328989,-1.703982967945756,1.0
1.4675134918711896,6.646432510188896,-1.703982967945756,1.0
1.5666278681138892,6.633153187087902,-1.703982967945756,1.0
1.6657422443565886,6.619873863986908,-1.703982967945756,1.0
1.0389487804173358,6.161364586842419,-1.628812620818386,1.0
1.138780533098504,6.155566211500473,-1.628812620818386,0.6666666666666666
1.238612285779672,6.149767836158526,-1.628812620818386,0.0
1.33844403846084,6.14396946081658,-1.628812620818386,1.0
1.438275791142008,6.138171085474633,-1.628812620818386,1.0
1.5381075438231762,6.132372710132687,-1.628812620818386,1.0
1.6379392965043442,6.126574334790741,-1.628812620818386,1.0
1.1252367019439284,5.5836701211885345,-1.4103146988256094,1.0
1.2239517456212223,5.5996494876274765,-1.4103146988256094,1.0
1.322666789298516,5.615628854066418,-1.4103146988256094,1.0
1.42138183297581,5.63160822050536,-1.4103146988256094,1.0
1.5200968766531038,5.647587586944302,-1.4103146988256094,1.0
1.6188119203303974,5.663566953383243,-1.4103146988256094,1.0
1.7175269640076913,5.679546319822185,-1.4103146988256094,1.0
1.1880690246501502,5.059738762061536,-1.4509717933294288,1.0
1.2873519872557868,5.071692562137151,-1.4509717933294288,1.0
1.3866349498614234,5.0836463622127654,-1.4509717933294288,1.0
1.48591791246706,5.09560016228838,-1.4509717933294288,1.0
1.5852008750726967,5.107553962363995,-1.4509717933294288,1.0
1.6844838376783333,5.11950776243961,-1.4509717933294288,1.0
1.78376680028397,5.1314615625152245,-1.4509717933294288,1.0
1.2335405211791994,4.51321290653494,-1.487423138696421,1.0
1.3331931680313363,4.52154056979442,-1.487423138696421,1.0
1.4328458148834733,4.5298682330539,-1.487423138696421,1.0
1.53249846173561,4.53819589631338,-1.487423138696421,1.0
1.632151108587747,4.54652355957286,-1.487423138696421,1.0
1.731803755439884,4.5548512228323395,-1.487423138696421,1.0
1.8314564022920208,4.56317888609182,-1.487423138696421,1.0
1.3003489657049214,3.9666900581538727,-1.4487496864934504,1.0
1.3996051205939943,3.978864445885352,-1.4487496864934504,1.0
1.4988612754830672,3.9910388336168308,-1.4487496864934504,1.0
1.59811743037214,4.00321322134831,-1.4487496864934504,1.0
1.6973735852612126,4.015387609079789,-1.4487496864934504,1.0
1.7966297401502855,4.027561996811269,-1.4487496864934504,1.0
1.8958858950393584,4.039736384542747,-1.4487496864934504,1.0
1.3757875061427232,3.445829551972305,-1.4268250620668024,1.0
1.4747529088137221,3.46017699335281,-1.4268250620668024,1.0
1.573718311484721,3.4745244347333153,-1.4268250620668024,1.0
1.67268371415572,3.48887187611382,-1.4268250620668024,1.0
1.771649116826719,3.503219317494325,-1.4268250620668024,0.3333333333333333
1.870614519497718,3.5175667588748305,-1.4268250620668024,0.6666666666666666
1.969579922168717,3.5319142002553354,-1.4268250620668024,0.6666666666666666
1.3407594829814833,2.97112546329653,-1.6313194251793839,1.0
1.4405763866106789,2.9650768477623863,-1.6313194251793839,1.0
1.5403932902398745,2.9590282322282433,-1.6313194251793839,1.0
1.64021019386907,2.9529796166941,-1.6313194251793839,0.6666666666666666
1.7400270974982657,2.9469310011599563,-1.6313194251793839,0.0
1.8398440011274613,2.9408823856258133,-1.6313194251793839,0.0
1.9396609047566569,2.93483377009167,-1.6313194251793839,0.0
1.2171544629524753,2.5290079141417094,-1.8304914466873885,1.0
1.313801294149047,2.5033293234548863,-1.8304914466873885,0.6666666666666666
1.4104481253456185,2.4776507327680632,-1.8304914466873885,0.6666666666666666
1.50709495654219,2.45197214208124,-1.8304914466873885,1.0
1.6037417877387616,2.426293551394417,-1.8304914466873885,1.0
1.7003886189353332,2.400614960707594,-1.8304914466873885,1.0
1.7970354501319048,2.374936370020771,-1.8304914466873885,1.0
1.1206882926182355,1.970534131026247,-1.7396581183553927,0.3333333333333333
1.2192659619406303,1.9537280871442213,-1.7396581183553927,0.3333333333333333
1.3178436312630253,1.9369220432621956,-1.7396581183553927,0.3333333333333333
1.41642130058542,1.92011599938017,-1.7396581183553927,1.0
1.5149989699078148,1.9033099554981443,-1.7396581183553927,1.0
1.6135766392302098,1.8865039116161186,-1.7396581183553927,1.0
1.7121543085526045,1.869697867734093,-1.7396581183553927,1.0
1.1807483384431412,1.3823852369301315,-1.4475322091145648,0.3333333333333333
1.279989597732944,1.394680457732301,-1.4475322091145648,0.3333333333333333
1.3792308570227472,1.4069756785344705,-1.4475322091145648,0.0
1.47847211631255,1.41927089933664,-1.4475322091145648,0.6666666666666666
1.577713375602353,1.4315661201388097,-1.4475322091145648,1.0
1.676954634892156,1.443861340940979,-1.4475322091145648,1.0
1.776195894181959,1.4561565617431487,-1.4475322091145648,1.0
1.4828048080119722,0.8272229543150633,-1.0321231165734766,1.0
1.568643815671925,0.8785227083491189,-1.0321231165734766,1.0
1.6544828233318774,0.9298224623831745,-1.0321231165734766,0.6666666666666666
1.74032183099183,0.98112221641723,-1.0321231165734766,1.0
1.8261608386517827,1.0324219704512856,-1.0321231165734766,1.0
1.9119998463117351,1.083721724485341,-1.0321231165734766,1.0
1.9978388539716878,1.1350214785193966,-1.0321231165734766,1.0
2.042612045962472,0.4671331539821438,-0.5119608899315949,0.6666666666666666
2.091600812278655,0.5543117108342646,-0.5119608899315949,0.6666666666666666
2.1405895785948377,0.6414902676863853,-0.5119608899315949,1.0
2.18957834491102,0.728668824538506,-0.5119608899315949,1.0
2.2385671112272028,0.8158473813906267,-0.5119608899315949,1.0
2.2875558775433853,0.9030259382427475,-0.5119608899315949,1.0
2.3365446438595683,0.9902044950948683,-0.5119608899315949,1.0
2.6262885932419957,0.3240636387291959,-0.21912521838417037,1.0
2.6480261774962774,0.4216724366461256,-0.21912521838417037,1.0
2.6697637617505587,0.5192812345630553,-0.21912521838417037,1.0
2.69150134600484,0.616890032479985,-0.21912521838417037,1.0
2.7132389302591213,0.7144988303969146,-0.21912521838417037,1.0
2.7349765145134026,0.8121076283138444,-0.21912521838417037,1.0
2.7567140987676844,0.909716426230774,-0.21912521838417037,1.0
3.7069164735085693,0.3057336764566749,-0.010968776224797782,1.0
3.7080133291362163,0.4057276608143956,-0.010968776224797782,1.0
3.7091101847638632,0.5057216451721163,-0.010968776224797782,1.0
3.71020704039151,0.605715629529837,-0.010968776224797782,1.0
3.711303896019157,0.7057096138875578,-0.010968776224797782,1.0
3.712400751646804,0.8057035982452785,-0.010968776224797782,1.0
3.713497607274451,0.9056975826029992,-0.010968776224797782,1.0
